{
 "actions": [],
 "creation": "2018-05-30 09:11:22.535470",
 "doctype": "DocType",
 "editable_grid": 1,
 "engine": "InnoDB",
 "field_order": [
  "account_head",
  "rate",
  "amount"
 ],
 "fields": [
  {
   "fieldname": "rate",
   "fieldtype": "Percent",
   "in_list_view": 1,
   "label": "Rate",
   "read_only": 1
  },
  {
   "fieldname": "amount",
   "fieldtype": "Currency",
   "in_list_view": 1,
   "label": "Amount",
   "read_only": 1
  },
  {
   "fieldname": "account_head",
   "fieldtype": "Link",
   "in_list_view": 1,
   "label": "Account Head",
   "options": "Account",
   "read_only": 1
  }
 ],
 "istable": 1,
 "links": [],
 "modified": "2024-03-27 13:10:14.420657",
 "modified_by": "Administrator",
 "module": "Accounts",
 "name": "POS Closing Entry Taxes",
 "owner": "Administrator",
 "permissions": [],
 "quick_entry": 1,
 "sort_field": "creation",
 "sort_order": "DESC",
 "states": [],
 "track_changes": 1
}