{
 "actions": [],
 "creation": "2016-11-16 15:26:47.706713",
 "doctype": "DocType",
 "editable_grid": 1,
 "engine": "InnoDB",
 "field_order": [
  "item_group"
 ],
 "fields": [
  {
   "fieldname": "item_group",
   "fieldtype": "Link",
   "in_list_view": 1,
   "label": "Item Group",
   "options": "Item Group",
   "reqd": 1
  }
 ],
 "istable": 1,
 "links": [],
 "modified": "2024-03-27 13:10:15.920412",
 "modified_by": "Administrator",
 "module": "Accounts",
 "name": "POS Item Group",
 "owner": "Administrator",
 "permissions": [],
 "quick_entry": 1,
 "sort_field": "creation",
 "sort_order": "DESC",
 "states": []
}