{
 "actions": [],
 "creation": "2020-04-28 16:44:32.440794",
 "doctype": "DocType",
 "editable_grid": 1,
 "engine": "InnoDB",
 "field_order": [
  "mode_of_payment",
  "opening_amount"
 ],
 "fields": [
  {
   "fieldname": "mode_of_payment",
   "fieldtype": "Link",
   "in_list_view": 1,
   "label": "Mode of Payment",
   "options": "Mode of Payment",
   "reqd": 1
  },
  {
   "default": "0",
   "fieldname": "opening_amount",
   "fieldtype": "Currency",
   "in_list_view": 1,
   "label": "Opening Amount",
   "options": "company:company_currency",
   "reqd": 1
  }
 ],
 "istable": 1,
 "links": [],
 "modified": "2024-03-27 13:10:16.209635",
 "modified_by": "Administrator",
 "module": "Accounts",
 "name": "POS Opening Entry Detail",
 "owner": "Administrator",
 "permissions": [],
 "quick_entry": 1,
 "sort_field": "creation",
 "sort_order": "DESC",
 "states": [],
 "track_changes": 1
}